TITLE: Bill of Materials
BOM NO: 05-043758-01-d.csv
DATE: 04/02/2020
DESIGN: 02_043758d_top
TEMPLATE: Z:\allegro\v172_site\cdssetup\template.bom
CALLOUT: 

ITEM#,Qty,WW_PN,DESCRIPTION," VALUE",JEDEC_TYPE,TOL,VOLTAGE,WATTAGE,LOCATION,MFG," MFG_PN",HLM_STATUS,STOCKROOM_WL,STOCKROOM_GT,STOCKROOM_LK,STOCKROOM_GBO,STOCKROOM_NSH,CUSTOM_PART,DNI
1,1,08_043758c,PCB,?,?,?,?,?,?,Analog Devices Supplied,08_043758c,N/A,?,?,?,?,?,?,?
2,9,E016125,CONN-PCB PIN HEADER," 613 001 111 21",CNHDR1X1H344,N/A,N/A,N/A,"ADC,DAC1,DAC2,GND4,GPO0,GPO1,GPO2,GPO3,VDD_GPO",WURTH ELEKTRONIK GROUP," 61300111121",REL,N/A,N/A,N/A,N/A,6001717,?,?
3,38,E017331,"CAP CER X5R, GENERAL PURPOSE"," 0.1uF",C0201,20,16V,N/A,"C1,C5,C6,C7,C8,C10,C13,C16,C18,C25,C33,C46,C47,C48,C52,C60,C91,C92,C94,C95,C96,C97,C98,C117,C118,C122,C161,C163,C164,C186,C188,C189,C190,C201,C202,C203,C206,C208",MURATA," GRM033R61C104ME84D",REL,N/A,N/A,N/A,N/A,7002112,?,?
4,9,E016591,"CAP CER X5R, GENERAL PURPOSE"," 100uF",C1206H71,20,6.3V,N/A,"C49,C54,C64,C71,C76,C100,C149,C150,C158",MURATA," GRM31CR60J107ME39L",REL,N/A,N/A,N/A,N/A,7002429,?,?
5,15,E020089,CAP CER X5R," 4.7uF",C0402,10,6.3V,N/A,"C50,C55,C66,C67,C73,C78,C86,C87,C101,C105,C106,C107,C108,C159,C174",TDK," C1005X5R0J475K050BC",REL,N/A,N/A,N/A,1661_CAB3,N/A,?,?
6,28,E007201,"CAP CER X7R, GENERAL PURPOSE"," 0.01uF",C0201,10,10V,N/A,"C2,C12,C23,C24,C26,C27,C39,C40,C41,C42,C43,C44,C53,C61,C62,C63,C80,C84,C99,C102,C119,C120,C162,C179,C180,C187,C191,C205",MURATA," GRM033R71A103KA01D",REL,ADD_TO_STOCK_237,N/A,N/A,1214_CAB3,7001953,?,?
7,13,E008247,CAP HIGH VAL MULTILAYER CER X5R 0805," 47uF",C0805H60,20,6.3V,N/A,"C11,C17,C19,C20,C21,C65,C77,C85,C103,C104,C145,C148,C184",TAIYO YUDEN," JMK212BJ476MG-T",REL,A004-0008-070,N/A,N/A,N/A,N/A,?,?
8,25,E007611,CAP CER X5R 0402," 0.47uF",C0402,10,10V,N/A,"C51,C56,C57,C58,C59,C68,C69,C70,C72,C74,C75,C88,C89,C90,C93,C109,C110,C111,C112,C113,C114,C115,C116,C160,C178",TAIYO YUDEN," LMK105BJ474KV-F",REL,A004-0011-077,40302JH432,N/A,1482_CAB3,7002222,?,?
9,14,E007143,"CAP CER X5R, GENERAL PURPOSE"," 10uF",C0603,20,6.3V,N/A,"C3,C4,C14,C15,C22,C32,C79,C82,C83,C121,C151,C152,C155,C167",MURATA," GRM188R60J106ME47D",REL,N/A,40302JH499,N/A,1244_BIN1-2A,N/A,?,?
10,22,E025259,CAP CER X5R," 1UF",C0402H22,10,16V,N/A,"C28,C29,C30,C31,C34,C35,C36,C37,C38,C45,C123,C126,C127,C140,C141,C154,C168,C169,C170,C192,C199,C200",TAIYO YUDEN," EMK105BJ105KV-F",REL,N/A,N/A,N/A,N/A,N/A,?,?
12,7,E006762,"CAP CER X7R, GENERAL PURPOSE"," 0.001uF",C0201,10,25V,N/A,"C125,C128,C129,C166,C193,C194,C207",MURATA," GRM033R71E102KA01D",REL,A004-0030-005,40302DG708,N/A,533_CAB3,N/A,?,?
13,9,E028398,"CAP CER C0G(NP0), GENERAL PURPOSE"," 18PF",C0201,5,50V,N/A,"C130,C131,C132,C133,C134,C156,C157,C175,C176",MURATA," GRM0335C1H180JA01D",REL,N/A,N/A,N/A,N/A,N/A,?,?
14,8,E022682,"CAP CER X5R, GENERAL PURPOSE"," 10uF",C0603,20,10V,N/A,"C9,C135,C136,C137,C138,C173,C195,C209",MURATA," GRM188R61A106ME69D",REL,N/A,N/A,N/A,N/A,N/A,?,?
15,1,E025704,"CAP MONO CER CHIP FOR AUTOMOTIVE, X7R"," 0.047UF",C0402,10,25V,N/A,C139,MURATA," GCM155R71E473KA55D",REL,N/A,N/A,N/A,N/A,N/A,?,?
16,1,E021911,CAP CER C0G," 150pF",C0402,1,50V,N/A,C142,MURATA," GCM1555C1H151FA16",REL,N/A,N/A,N/A,N/A,N/A,?,?
17,1,E033222,"CAP MULTILAYER CER CHIP, HIGH RELIABILITY, C0G, AUTOMOTIVE"," 180PF",C0402,5,50V,N/A,C143,TDK," CGJ2B2C0G1H181J050BA",REL,N/A,N/A,N/A,N/A,N/A,?,?
18,1,E007461,CAP MONO CER 0402," 0.0033uF",C0402,10,50V,N/A,C144,YAGEO," CC0402KRX7R9BB332",REL,N/A,N/A,3019410,N/A,N/A,?,?
19,1,E034225,CAP CER 22UF 10V 10% X5R 0805," 22UF",C0805,10,10V,N/A,C146,SAMSUNG," CL21A226KPCLRNC",REL,N/A,N/A,N/A,N/A,N/A,?,?
20,1,E033450,"CAP CER X7R, GENERAL PURPOSE"," 5.6NF",C0402H22,5,50V,N/A,C147,AVX CORPORATION," 04025C562JAT2A",REL,N/A,N/A,N/A,N/A,N/A,?,?
22,7,E024995,"CAP CER X5R, GENERAL PURPOSE"," 2.2UF",C0603,10,50V,N/A,"C165,C171,C172,C182,C198,C210,C215",MURATA," GRM188R61H225KE11J",REL,N/A,N/A,N/A,N/A,N/A,?,?
24,5,E033337,CAP CER MULTILAYER X7R," 0.1UF",C0603,10,100V,N/A,"C183,C211,C212,C213,C214",SAMSUNG," CL10B104KC8NNNC",REL,N/A,N/A,N/A,N/A,N/A,?,?
26,3,E011821,CAP CER C0G 0402," 47pF",C0402,5,50V,N/A,"C196,C197,C204",MURATA," GCM1555C1H470JA16D",REL,N/A,N/A,N/A,N/A,7003267,?,?
27,1,E039129,CAP CER 0.22UF 25V 10% X7R 0805," 0.22UF",C0805H53,10,25V,N/A,C81,KNOWLES," 080530250224KXT",REL,N/A,N/A,N/A,N/A,N/A,?,?
28,4,E022198,CONN-PCB UMC JACK STR 50 OHM SMD," U.FL-R-SMT-1(01)",CNHIROSE-U_FL-R-SMT-1,N/A,N/A,N/A,"CLK_IN,CLK_OUT,RX2A,TX2A",HIROSE ELECTRIC," U.FL-R-SMT-1(01)",REL,N/A,N/A,N/A,N/A,N/A,?,?
29,2,E026047,"DIODE TVS ARRAY, LOW CAPACITANCE ESD PROTECTION"," SP3004-04XTG",SOT-563,N/A,6V,N/A,"D1,D2","LITTELFUSE, INC."," SP3004-04XTG",REL,N/A,N/A,N/A,N/A,N/A,?,?
30,6,E034844,DIO ESD SUPPRESOR TVS BIDIR 5.3V," ESD8472MUT5G",DFN2_0_62X0_32,N/A,5.3V,N/A,"D3,D4,D7,D8,D9,D10",ONSEMI," ESD8472MUT5G",REL,N/A,N/A,N/A,N/A,N/A,?,?
31,2,E026167,LED BLUE CLEAR 468NM," LTST-S220TBKT",LED0804,N/A,3.3V,0.076W,"DS1,DS2",LITE-ON TECHNOLOGY," LTST-S220TBKT",REL,N/A,N/A,N/A,N/A,N/A,?,?
32,7,E012241,IND CHIP FERRITE BD," 100OHM",L0805,25,N/A,N/A,"E1,E2,E4,E5,E6,E7,E8",TDK," MPZ2012S101A",REL,N/A,N/A,N/A,N/A,7004820,?,?
34,2,E022193,IND CHIP FERRITE BEAD," 600OHM AT 100MEGHZ",L0805,25,N/A,N/A,"E3,E9",TDK," MPZ2012S601AT000",REL,N/A,N/A,N/A,N/A,N/A,?,?
35,1,E023876,FUSE RESETTABLE PTC," 0.5A",F0402H20,N/A,6V,0.5W,F1,LITTELFUSE," 0402L050SLKR",REL,N/A,N/A,N/A,N/A,N/A,?,?
36,4,E006599,IND SM," 330NH",L0805-F,5,N/A,N/A,"L1,L7,L8,L9",TDK," B82498F3331J",REL,A047-0002-099,40915JH064,N/A,N/A,7005143,?,?
37,1,E027130,"INDUCTOR  WIREWOUND COMMON MODE CHOKE COIL FOR POWER LINES, 0.056OHM DCR, 2A"," 800OHMS AT 100MEGHZ",L2020_A,N/A,N/A,N/A,L10,MURATA," DLW5BSM801TQ2L",REL,N/A,N/A,N/A,N/A,N/A,?,?
38,2,E017267,IND SHIELDED POWER," 1.5uH",LSMSQ157H83,20,N/A,N/A,"L2,L3",COILCRAFT," XFL4020-152MEB",REL,N/A,N/A,N/A,N/A,7004793,?,?
39,1,E015845,IND SHIELDED POWER," 1uH",LSMSQ157H83,20,N/A,N/A,L4,COILCRAFT," XFL4020-102MEB",REL,N/A,N/A,N/A,N/A,7004988,?,?
40,1,E027278,"IND SHIELDED POWER, 2.31A 0.032OHMS DCR"," 270NH",LSMSQ79H41,20,N/A,N/A,L5,COILCRAFT INC.," EPL2010-271MLB",REL,N/A,N/A,N/A,N/A,N/A,?,?
41,1,E027226,"INDUCTOR WIREWOUND COMMON MODE CHOKE COIL, 0.35OHM DCR, 0.33A"," 90OHMS AT 100MEGHZ",L0805-4PH39,25,50V,N/A,L6,MURATA," DLW21HN900SQ2L",REL,N/A,N/A,N/A,N/A,N/A,?,?
43,2,E015753,CONN-PCB RCPT MICRO USB AB," 47590-0001",CNMOLEX47590-0001,N/A,N/A,N/A,"P2,P3",MOLEX," 47590-0001",REL,N/A,N/A,N/A,N/A,6001617,?,?
44,4,E018770,TRAN N-CHAN POWER MOSFET," BSS138LT1G",SOT23,N/A,50V,N/A,"Q1,Q2,Q3,Q4",ON SEMICONDUCTOR," BSS138LT1G",REL,N/A,N/A,N/A,N/A,1004217,?,?
45,2,E013982,RES PREC THICK FILM CHIP," 10",R0201,1,25V,1/20W,"R1,R56",PANASONIC," ERJ-1GNF10R0C",REL,N/A,N/A,N/A,N/A,7005640,?,?
46,1,E004015,RES THICK FILM CHIP JUMPER," 0",R0201,N/A,N/A,1/20W,R10,PANASONIC," ERJ-1GN0R00C",REL,A003-0082-001,N/A,N/A,1245_CAB3,N/A,?,?
47,2,E016329,RES PRECISION THICK FILM CHIP," 100",R0402,1,N/A,1/10W,"R71,R100",PANASONIC," ERJ-2RKF1000X",REL,N/A,N/A,N/A,N/A,7005699,?,?
48,4,E041039,RES SMD 2.2K OHM 1% 1/16W 0402," 2.2K",R0402,1,N/A,1/16W,"R68,R97,R101,R103",VISHAY," CRCW04022K20FKEDC",REL,N/A,N/A,N/A,N/A,N/A,?,?
49,6,E003441,RES FILM SMD 0402," 39",R0402,5,N/A,1/16W,"R12,R79,R81,R82,R95,R102",PANASONIC," ERJ-2GEJ390X",REL,A003-0021-005,41816DG1008,N/A,N/A,7007410,?,?
51,10,E003751,RES PRECISION THICK FILM CHIP," 10K",R0402,1,N/A,1/10W,"R6,R60,R61,R74,R75,R92,R93,R107,R221,R222",PANASONIC," ERJ-2RKF1002X",REL,A003-0035-004,41816DG719,N/A,N/A,7000582,?,?
52,9,E008190,RES PRECISION THICK FILM CHIP," 4.7K",R0402,1,50V,1/10W,"R11,R46,R47,R54,R80,R85,R89,R90,R91",PANASONIC," ERJ-2RKF4701X",REL,N/A,N/A,N/A,1548_CAB3,7007535,?,?
53,11,E003791,RES PRECISION THICK FILM CHIP," 20K",R0402,1,N/A,1/16W,"R13,R57,R66,R76,R83,R84,R116,R119,R120,R121,R122",PANASONIC," ERJ-2RKF2002X",REL,A003-0035-048,41816DG1537,N/A,1264_CAB3,N/A,?,?
54,6,E010877,RES PRECISION THICK FILM CHIP," 240",R0402,1,N/A,1/16W,"R14,R40,R41,R86,R99,R165",PANASONIC," ERJ-2RKF2400X",REL,N/A,N/A,N/A,1611_CAB3,7006893,?,?
55,1,E022369,RES METAL THIN FILM CHIP," 80.6",R0402,0.1,N/A,1/16W,R142,PANASONIC," ERA-2AEB80R6X",REL,N/A,N/A,N/A,N/A,N/A,?,?
57,24,E011549,RES PRECISION THICK FILM CHIP 0201," 120",R0201,1,N/A,1/20W,"R16,R17,R18,R19,R20,R21,R22,R23,R24,R25,R26,R27,R28,R29,R30,R31,R32,R33,R34,R35,R36,R37,R38,R39",PANASONIC," ERJ-1GEF1200C",REL,N/A,N/A,N/A,N/A,7006028,?,?
58,3,E021819,RES PRECISION THICK FILM CHIP," 27.4K",R0402,1,N/A,1/10W,"R2,R53,R70",PANASONIC," ERJ-2RKF2742X",REL,N/A,N/A,N/A,N/A,N/A,?,?
59,2,E011115,RES PRECISION THICK FILM CHIP," 46.4K",R0402,1,N/A,1/16W,"R3,R64",PANASONIC," ERJ-2RKF4642X",REL,N/A,N/A,N/A,N/A,7007674,?,?
60,2,E011033,RES PRECISION THICK FILM CHIP R0603," 17.8K",R0603,1,N/A,1/10W,"R4,R62",PANASONIC," ERJ-3EKF1782V",REL,N/A,N/A,N/A,N/A,7006321,?,?
61,3,E003763,RES PRECISION THICK FILM CHIP," 1K",R0402,1,N/A,1/10W,"R7,R42,R67",PANASONIC," ERJ-2RKF1001X",REL,A003-0035-019,N/A,N/A,751_CAB3,7001202,?,?
62,3,E010661,RES THICK FILM CHIP," 0",R0402,1,50V,1/16W,"R43,R44,R45",MULTICOMP (SPC)," MC00625W040210R",REL,N/A,N/A,N/A,N/A,7001777,?,?
63,2,E017765,RES THICK FILM CHIP," 470",R0402,5,N/A,1/10W,"R48,R87",PANASONIC," ERJ-2GEJ471X",REL,N/A,N/A,N/A,N/A,7007701,?,?
64,2,E014068,RES PRECISION THICK FILM CHIP," 14.3K",R0201,1,N/A,1/20W,"R49,R63",PANASONIC," ERJ-1GNF1432C",REL,N/A,N/A,N/A,1408_CAB3,7006137,?,?
66,2,E003796,RES PRECISION THICK FILM CHIP," 100K",R0402,1,N/A,1/16W,"R50,R59",PANASONIC," ERJ-2RKF1003X",REL,A003-0035-053,41816DG575,N/A,1422_CAB3,N/A,?,?
67,2,E014056,RES GEN PURPOSE THICK FILM," 1",R0201,1,N/A,1/20W,"R51,R52",SEI," RMCF0201FT1R00",REL,N/A,N/A,N/A,1585_CAB3,7005445,?,?
69,1,E036030,RES SMD 23.2K OHM 1% 1/10W 0402," 23.2K",R0402,1,N/A,1/10W,R65,PANASONIC," ERJ-2RKF2322X",REL,N/A,N/A,N/A,N/A,N/A,?,?
70,2,E021385,RES PRECISION THICK FILM CHIP," 8.06K",R0402,1,N/A,1/10W,"R72,R77",PANASONIC," ERJ-2RKF8061X",REL,N/A,N/A,N/A,N/A,N/A,?,?
71,2,E014032,RES GEN PURPOSE CHIP," 470",R0402,1,N/A,1/16W,"R73,R78",YAGEO," RC0402FR-07470RL",REL,N/A,N/A,N/A,N/A,7007704,?,?
73,1,E007443,RES PRECISION THICK FILM CHIP," 24.9K",R0402,1,N/A,1/16W,R88,PANASONIC," ERJ-2RKF2492X",REL,N/A,41816JH1005,N/A,N/A,7006886,?,?
75,1,E030840,"RES HIGH POWER, PRECISION THIN FILM"," 49.9",R0603H18,0.1,N/A,1/2W,R96,VISHAY," PCAN0603E49R9BST5",REL,N/A,N/A,N/A,N/A,N/A,?,?
76,1,E003748,RES PRECISION THICK FILM CHIP," 75",R0402,1,N/A,1/16W,R98,PANASONIC," ERJ-2RKF75R0X",REL,A003-0035-001,N/A,N/A,N/A,N/A,?,?
77,2,E027545,"CONN-PCB SMA FEMALE RA RCPT END LAUNCH, PRELIM"," JCCEM001",CNSMARAL687W375H171,N/A,N/A,N/A,"RX1A,TX1A",JINCHANG ELECTRON," JCCEM001",RWC,N/A,N/A,N/A,N/A,N/A,?,?
78,1,E024294,SW TACTILE SPST-NO," PTS840 GKP SMTR LFS",SWSML140W138H55,N/A,12V,N/A,S1,C&AMP;K COMPONENTS," PTS840 GKP SMTR LFS",REL,N/A,N/A,N/A,N/A,N/A,?,?
79,4,E018203,XFMR RF 50OHMS 10 TO 6000 MEGHZ PRELIM," TCM1-63AX+",TSML150W160H160,N/A,N/A,N/A,"T1,T2,T3,T5",MINI CIRCUITS," TCM1-63AX+",RWC,N/A,N/A,N/A,N/A,7004705,?,?
80,2,E022696,IC-ADI REG LDO 1.2A SENSE," ADP1754ACPZ-1.3",QFN16_4X4_PAD2_1X2_1,N/A,N/A,?,"U1,U7",ANALOG DEVICES," ADP1754ACPZ-1.3-R7",REL,N/A,N/A,N/A,N/A,N/A,?,?
81,1,E017822,IC-TTL BUS BUFF/LINE DRIVER 3STATE," 74LVC1G126GW",SOT353,N/A,N/A,?,U10,NXP SEMICONDUCTORS," 74LVC1G126GW",REL,N/A,N/A,N/A,N/A,1001522,?,?
82,1,E018695,"IC-ADI ULTRALOW NOISE, 200mA LINEAR REG 2.3 VOUT"," ADM7160ACPZN3.3",DFN6_2X2_PAD1_6X1,N/A,N/A,?,U11,ANALOG DEVICES," ADM7160ACPZN3.3-R7",REL,N/A,N/A,N/A,N/A,1003578,?,?
83,1,E018693,"IC-ADI ULTRALOW NOISE, 200mA LINEAR REG 1.8 VOUT"," ADM7160ACPZN1.8",DFN6_2X2_PAD1_6X1,N/A,N/A,?,U12,ANALOG DEVICES," ADM7160ACPZN1.8-R7",REL,N/A,N/A,N/A,N/A,1003576,?,?
84,1,E027529,"IC SERIAL NOR FLASH MEMORY, 256MB"," MT25QU256ABA8E12-1SIT",TBGA24,N/A,N/A,?,U13,MICRON TECHNOLOGY," MT25QU256ABA8E12-1SIT",REL,N/A,N/A,N/A,N/A,N/A,?,?
85,1,E021346,IC 2-A PEAK SINK/SOURCE DDR TERMINATION REG WITH VTTREF BUFFERED REF," TPS51206DSQR",SON10_2X2_PAD1_5X0_9,N/A,N/A,?,U14,TEXAS INSTRUMENTS," TPS51206DSQR",REL,N/A,N/A,N/A,N/A,N/A,?,?
86,1,E021334,IC HIGH INTEGRATED FULL FEATURED HI-SPEED USB 2.0 ULPI TRANSCEIVER," USB3320C-EZK",QFN32_5X5_PAD3_3X3_3,N/A,N/A,?,U15,MICROCHIP TECHNOLOGY," USB3320C-EZK",REL,N/A,N/A,N/A,N/A,N/A,?,?
87,1,E024730,"IC-ADI HIGH-SIDE PWR SW, START-UP TIME 1100US"," ADP198ACBZ-11",WLCSP4-2,N/A,N/A,?,U16,ANALOG DEVICES," ADP198ACBZ-11-R7",REL,N/A,N/A,N/A,N/A,N/A,?,?
88,1,E030596,"IC LOW PHASE NOISE, DUAL OUTPUT BUFFER/DRIVER/LOGIC CONVERTER"," LTC6957HMS-3#PBF",MSOP12,N/A,N/A,?,U17,LINEAR TECHNOLOGY," LTC6957HMS-3#PBF",REL,N/A,N/A,N/A,N/A,N/A,?,?
89,1,E025601,IC 4GB: X16 DDR3L SDRAM," MT41K256M16TW-107 IT:P",FBGA96_C,N/A,N/A,?,U2,MICRON TECHNOLOGY," MT41K256M16TW-107 IT:P",REL,N/A,N/A,N/A,N/A,N/A,?,?
90,1,E013699,IC-ADI SYNC STEP DOWN DC-DC REG," ADP2164ACPZ",QFN16_4X4_PAD2_5X2_5,N/A,N/A,?,U3,ANALOG DEVICES," ADP2164ACPZ-R7",REL,N/A,N/A,N/A,N/A,1003759,?,?
91,1,E025809,"IC ZYNQ-700 ALL PROGRAMMBLE SOC, SLOWEST SPEED GRADE"," XC7Z010-1CLG225C4334",CSPBGA225,N/A,N/A,?,U4,XILINX," XC7Z010-1CLG225C4334",REL,N/A,N/A,N/A,N/A,1008291,?,?
92,1,E026056,IC-ADI RF AGILE TRANSCEIVER," AD9363ABCZ",BGA144-2,N/A,N/A,?,U5,ANALOG DEVICES," AD9363ABCZ",REL,N/A,N/A,N/A,N/A,1008302,?,?
93,1,E008105,IC-ADI DUAL CONFIG SYNC PWM STEPDOWN DC-DC REG," ADP2114ACPZ",QFN32_5X5_PAD3_1X3_1,N/A,N/A,?,U6,ANALOG DEVICES," ADP2114ACPZ-R7",REL,N/A,N/A,N/A,1559_CAB3,1003748,?,?
94,1,E027541,"IC DUAL 4A IDEAL DIODES WITH ADJ CURRENT LIMIT, 1.7V - 5.5V"," LTC4415EDHC#PBF",DFN16_5X3_PAD4_4X1_65,N/A,N/A,?,U8,LINEAR TECHNOLOGY," LTC4415EDHC#PBF",REL,N/A,N/A,N/A,N/A,N/A,?,?
95,1,E021729,IC USB TO BASIC UART," FT230XQ-R",QFN16_4X4_PAD2_1X2_1,N/A,N/A,?,U9,FTDI CHIP," FT230XQ-R",REL,N/A,N/A,N/A,N/A,N/A,?,?
96,1,E022374,IC CRYSTAL ULTRA MINIATURE PURE SILICON," 24MEGHZ",YSML98W79H35,N/A,N/A,N/A,Y1,ABRACON," ASDMB-24.000MHZ-LC-T",REL,N/A,N/A,N/A,N/A,N/A,?,?
97,1,E024048,IC CRYSTAL 2ND GEN MEMS CLOCK OSCILLATOR," 33.333MEGHZ",YSML98W79H35,N/A,N/A,N/A,Y2,ABRACON," ASDMB-33.333MHZ-LC-T",REL,N/A,N/A,N/A,N/A,N/A,?,?
98,1,E020493,IC CRYSTAL RXO3225M," 40MEGHz",YSML126W98H47,N/A,1.8V,N/A,Y3,RAKON," 513371",REL,N/A,N/A,N/A,N/A,N/A,?,?


The following components are part of the PCB or are NOT to be installed
ITEM#,Qty,WW_PN,DESCRIPTION," VALUE",JEDEC_TYPE,TOL,VOLTAGE,WATTAGE,LOCATION,MFG," MFG_PN",HLM_STATUS,STOCKROOM_WL,STOCKROOM_GT,STOCKROOM_LK,STOCKROOM_GBO,STOCKROOM_NSH,CUSTOM_PART,DNI
 11,1,E028398,"CAP CER C0G(NP0), GENERAL PURPOSE"," 18PF",C0201,5,50V,N/A,C124,MURATA," GRM0335C1H180JA01D",REL,N/A,N/A,N/A,N/A,N/A,?,DNI
 21,1,E007143,"CAP CER X5R, GENERAL PURPOSE"," 10uF",C0603,20,6.3V,N/A,C153,MURATA," GRM188R60J106ME47D",REL,N/A,40302JH499,N/A,1244_BIN1-2A,N/A,?,DNI
 23,2,E033337,CAP CER MULTILAYER X7R," 0.1UF",C0603,10,100V,N/A,"C177,C181",SAMSUNG," CL10B104KC8NNNC",REL,N/A,N/A,N/A,N/A,N/A,?,DNI
 25,1,E008247,CAP HIGH VAL MULTILAYER CER X5R 0805," 47uF",C0805H60,20,6.3V,N/A,C185,TAIYO YUDEN," JMK212BJ476MG-T",REL,A004-0008-070,N/A,N/A,N/A,N/A,?,DNI
 33,2,E022193,IND CHIP FERRITE BEAD," 600OHM AT 100MEGHZ",L0805,25,N/A,N/A,"E10,E11",TDK," MPZ2012S601AT000",REL,N/A,N/A,N/A,N/A,N/A,?,DNI
 42,1,E018623,"CONN-PCB 1.27MM P MICRO HDR, DUAL ROW"," FTSH-105-01-L-D",CNHDR2X5H219,N/A,N/A,N/A,P1,SAMTEC," FTSH-105-01-L-D",REL,N/A,N/A,N/A,N/A,6002010,?,DNI
 50,2,E004015,RES THICK FILM CHIP JUMPER," 0",R0201,N/A,N/A,1/20W,"R69,R104",PANASONIC," ERJ-1GN0R00C",REL,A003-0082-001,N/A,N/A,1245_CAB3,N/A,?,DNI
 56,1,E010661,RES THICK FILM CHIP," 0",R0402,1,50V,1/16W,R15,MULTICOMP (SPC)," MC00625W040210R",REL,N/A,N/A,N/A,N/A,7001777,?,DNI
 65,1,E003763,RES PRECISION THICK FILM CHIP," 1K",R0402,1,N/A,1/10W,R5,PANASONIC," ERJ-2RKF1001X",REL,A003-0035-019,N/A,N/A,751_CAB3,7001202,?,DNI
 68,2,E023448,RES THICK FILM CHIP," 1K",R0805,1,150V,1/3W,"R55,R58",VISHAY," CRCW08051K00FKEAHP",REL,N/A,N/A,N/A,N/A,N/A,?,DNI
 72,2,E003751,RES PRECISION THICK FILM CHIP," 10K",R0402,1,N/A,1/10W,"R8,R94",PANASONIC," ERJ-2RKF1002X",REL,A003-0035-004,41816DG719,N/A,N/A,7000582,?,DNI
 74,1,E004011,RES PRECISION THICK FILM CHIP," 10K",R0201,1,N/A,1/20W,R9,PANASONIC," ERJ-1GNF1002C",REL,A003-0081-004,N/A,N/A,N/A,7005859,?,DNI

